id,value
Лузин Н Н,
Лузин Н Н.Александров П С,
Лузин Н Н.Александров П С.Архангельский Н А,3938
Лузин Н Н.Александров П С.Веденисов Н Б,3812
Лузин Н Н.Александров П С.Ефремович В А,6714
Лузин Н Н.Александров П С.Курош А Г,743
Лузин Н Н.Александров П С.Локуциевский О В,3534
Лузин Н Н.Александров П С.Мальцев А А,
Лузин Н Н.Александров П С.Мищенко Е Ф,
Лузин Н Н.Александров П С.Пасынков Б А,
Лузин Н Н.Александров П С.Пономарев,
Лузин Н Н.Александров П С.Понтрягин Л С,
Лузин Н Н.Александров П С.Ситников К А,
Лузин Н Н.Александров П С.Смирнов Ю М,
Лузин Н Н.Александров П С.Тихонов А Н,
Лузин Н Н.Александров П С.Тумаркин,
Лузин Н Н.Александров П С.Федорчук В В,
Лузин Н Н.Александров П С.Франкль,
Лузин Н Н.Александров П С.Чогошвили Г С,
Лузин Н Н.Александров П С.Щепин Е В,
Лузин Н Н.Бари Н К,
Лузин Н Н.Вельяминов,
Лузин Н Н.Гливенко В И,
Лузин Н Н.Келдыш Л В,
Лузин Н Н.Колмогоров А Н,
Лузин Н Н.Колмогоров А Н.Алексеев В М,
Лузин Н Н.Колмогоров А Н.Арнольд В И,
Лузин Н Н.Колмогоров А Н.Бавли Г М,
Лузин Н Н.Колмогоров А Н.Баренблатт Г И,
Лузин Н Н.Колмогоров А Н.Беляев Ю К,
Лузин Н Н.Колмогоров А Н.Большев Л Н,
Лузин Н Н.Колмогоров А Н.Боровков А А,
Лузин Н Н.Колмогоров А Н.Булинский А В,	
Лузин Н Н.Колмогоров А Н.Вентцель Е С,
Лузин Н Н.Колмогоров А Н.Верченко И Я,
Лузин Н Н.Колмогоров А Н.Витушкин А Г,
Лузин Н Н.Колмогоров А Н.Гельфанд И М,
Лузин Н Н.Колмогоров А Н.Гельфанд И М.Кириллов А А,
Лузин Н Н.Колмогоров А Н.Гельфанд И М.Кириллов А А.Агранович И М,
Лузин Н Н.Колмогоров А Н.Гельфанд И М.Кириллов А А.Окуньков А Ю,
Лузин Н Н.Колмогоров А Н.Гельфанд И М.Костюченко А Г,
Лузин Н Н.Колмогоров А Н.Гельфанд И М.Садовничий В А,
Лузин Н Н.Колмогоров А Н.Гельфанд И М.Шилов Г Е,
Лузин Н Н.Колмогоров А Н.Гельфанд И М.Шилов Г Е.Хелемский А Я,
Лузин Н Н.Колмогоров А Н.Гнеденко Б В,
Лузин Н Н.Колмогоров А Н.Гончар А А,
Лузин Н Н.Колмогоров А Н.Добрушин Р Л,
Лузин Н Н.Колмогоров А Н.Дынкин Е Б,.
Лузин Н Н.Колмогоров А Н.Дынкин Е Б.Винберг Э Б,
Лузин Н Н.Колмогоров А Н.Дынкин Е Б.Скороход А В,,
Лузин Н Н.Колмогоров А Н.Журбенко И Г,
Лузин Н Н.Колмогоров А Н.Золотарев В М,
Лузин Н Н.Колмогоров А Н.Кучеренко,
Лузин Н Н.Колмогоров А Н.Ломов,
Лузин Н Н.Колмогоров А Н.Мальцев А И,
Лузин Н Н.Колмогоров А Н.Мальцев А И.Ершов Ю Л,
Лузин Н Н.Колмогоров А Н.Мартин-Леф П,
Лузин Н Н.Колмогоров А Н.Мешалкин Л Д,
Лузин Н Н.Колмогоров А Н.Миллионщиков М Д,
Лузин Н Н.Колмогоров А Н.Михалевич В С,
Лузин Н Н.Колмогоров А Н.Молчанов С К,
Лузин Н Н.Колмогоров А Н.Монин А С,
Лузин Н Н.Колмогоров А Н.Никольский С М,
Лузин Н Н.Колмогоров А Н.Обухов А М,
Лузин Н Н.Колмогоров А Н.Пинскер М С,
Лузин Н Н.Колмогоров А Н.Прохоров Ю В,
Лузин Н Н.Колмогоров А Н.Розанов Ю А,
Лузин Н Н.Колмогоров А Н.Севастьянов Б А,
Лузин Н Н.Колмогоров А Н.Синай Я Г,
Лузин Н Н.Колмогоров А Н.Синай Я Г.Бунимович ЛА,
Лузин Н Н.Колмогоров А Н.Синай Я Г.Каток А Б,
Лузин Н Н.Колмогоров А Н.Сираждинов С Х,
Лузин Н Н.Колмогоров А Н.Смирнов,
Лузин Н Н.Колмогоров А Н.Тихомиров В М,
Лузин Н Н.Колмогоров А Н.Тутубалин В Н,
Лузин Н Н.Колмогоров А Н.Успенский В А,
Лузин Н Н.Колмогоров А Н.Фомин С В,
Лузин Н Н.Колмогоров А Н.Ширяев А Н,
Лузин Н Н.Колмогоров А Н.Шур,
Лузин Н Н.Колмогоров А Н.Яглом А М,
Лузин Н Н.Кронрод А С,
Лузин Н Н.Лаврентьев М А,
Лузин Н Н.Лаврентьев М А.Базилевич,
Лузин Н Н.Лаврентьев М А.Бицадзе А В,
Лузин Н Н.Лаврентьев М А.Волковысский Л И,
Лузин Н Н.Лаврентьев М А.Келдыш М В,
Лузин Н Н.Лаврентьев М А.Кудрявцев Л Д,
Лузин Н Н.Лаврентьев М А.Маркушевич А И,
Лузин Н Н.Лаврентьев М А.Суворов,
Лузин Н Н.Лаврентьев М А.Шабат Б В,
Лузин Н Н.Люстерник Л А,
Лузин Н Н.Ляпунов А А,
Лузин Н Н.Ляпунов А А.Бусленко Н П,
Лузин Н Н.Ляпунов А А.Ершов А П,
Лузин Н Н.Ляпунов А А.Журавлев,
Лузин Н Н.Ляпунов А А.Критицкий,
Лузин Н Н.Ляпунов А А.Кулагина,
Лузин Н Н.Ляпунов А А.Лупанов О Б,
Лузин Н Н.Ляпунов А А.Мещеряков,
Лузин Н Н.Ляпунов А А.Миронов,
Лузин Н Н.Ляпунов А А.Фролов,
Лузин Н Н.Ляпунов А А.Янов,
Лузин Н Н.Меньшов Д Е,
Лузин Н Н.Меньшов Д Е.Брудно А Л,
Лузин Н Н.Меньшов Д Е.Волков,
Лузин Н Н.Меньшов Д Е.Гермейер Ю Б,
Лузин Н Н.Меньшов Д Е.Даревский,
Лузин Н Н.Меньшов Д Е.Долженко Е П,
Лузин Н Н.Меньшов Д Е.Кангро,
Лузин Н Н.Меньшов Д Е.Купцов Н П,
Лузин Н Н.Меньшов Д Е.Скворцов В А,
Лузин Н Н.Меньшов Д Е.Стечкин С Б,
Лузин Н Н.Меньшов Д Е.Стечкин С Б.Сун Ю,
Лузин Н Н.Меньшов Д Е.Стечкин С Б.Арестов В В,
Лузин Н Н.Меньшов Д Е.Стечкин С Б.Арестов В В.Бабенко А Г,
Лузин Н Н.Меньшов Д Е.Стечкин С Б.Бабаев М И,
Лузин Н Н.Меньшов Д Е.Стечкин С Б.Бердышев В И,
Лузин Н Н.Меньшов Д Е.Стечкин С Б.Гаркави А Л,
Лузин Н Н.Меньшов Д Е.Стечкин С Б.Ефимов А В,
Лузин Н Н.Меньшов Д Е.Стечкин С Б.Иванов В И,
Лузин Н Н.Меньшов Д Е.Стечкин С Б.Иванов В И.Горбачев Д В,
Лузин Н Н.Меньшов Д Е.Стечкин С Б.Конягин С В,
Лузин Н Н.Меньшов Д Е.Стечкин С Б.Субботин Ю Н,
Лузин Н Н.Меньшов Д Е.Стечкин С Б.Тайков Л В,
Лузин Н Н.Меньшов Д Е.Стечкин С Б.Теляковский С А,
Лузин Н Н.Меньшов Д Е.Стечкин С Б.Теляковский С А.Осколков К И,
Лузин Н Н.Меньшов Д Е.Стечкин С Б.Теляковский С А.Темляков В Н,
Лузин Н Н.Меньшов Д Е.Стечкин С Б.Царьков И Г,
Лузин Н Н.Меньшов Д Е.Стечкин С Б.Черных Н И,
Лузин Н Н.Меньшов Д Е.Стечкин С Б.Шведов А С,
Лузин Н Н.Меньшов Д Е.Стечкин С Б.Юдин В А,
Лузин Н Н.Меньшов Д Е.Талалян,
Лузин Н Н.Меньшов Д Е.Толстов Г П,
Лузин Н Н.Меньшов Д Е.Холщевникова Н Н,
Лузин Н Н.Меньшов Д Е.Хуанг Туй,
Лузин Н Н.Меньшов Д Е.Челидзе В Г,
Лузин Н Н.Немыцкий В В,
Лузин Н Н.Новиков П С,
Лузин Н Н.Новиков П С.Адян С И,
Лузин Н Н.Новиков П С.Арсенин В Я,
Лузин Н Н.Новиков П С.Бардзинь Я М,
Лузин Н Н.Новиков П С.Гладкий,
Лузин Н Н.Новиков П С.Козлова Е Г,
Лузин Н Н.Новиков П С.Тайманов А Д,
Лузин Н Н.Новиков П С.Щегольков,
Лузин Н Н.Новиков П С.Яблонский С В,
Лузин Н Н.Суслин М Я,
Лузин Н Н.Урысон П С,
Лузин Н Н.Фёдоров В С,
Лузин Н Н.Хинчин А Я,
Лузин Н Н.Шнирельман Л Г,